{"rmse":NaN,"mape":0.17360581070089903,"_timestamp":1.7455452007419267e+09,"_runtime":2.280388297,"_step":0,"_wandb":{"runtime":2},"r2":0.9922376444029721,"mae":429.4250091280884}