,exret,Tree
count,103079.0,103079.0
mean,0.007583650731382442,0.013877286245001022
std,0.10368415584392747,0.17964524878884552
min,-0.8672299385070801,-0.6271776337385178
25%,-0.04504695670604705,-0.07099334287643433
50%,0.007612760934233666,0.008782872818410396
75%,0.059239878398180006,0.08545517580509186
max,1.6239492832183837,1.5061529249668122
