{"mape":1.6903422726656272e+14,"_timestamp":1.7455458114792132e+09,"_runtime":306.49129626,"_step":0,"r2":0.6709899475251024,"mae":2.369749274602262,"mse":12.310477345936135,"_wandb":{"runtime":306}}