{"_wandb":{"runtime":1},"_runtime":1.940388588,"_step":0,"error":"'test_rmse'","_timestamp":1.7455452462440794e+09}