{"mse":146811.3473286032,"mape":0.5409989479398204,"_timestamp":1.745545453895376e+09,"_runtime":18.043571517,"_step":0,"r2":0.29409023478812546,"mae":224.73346199235039,"_wandb":{"runtime":18}}