{"_wandb":{"runtime":1},"error":"'test_rmse'","_timestamp":1.7455452583939905e+09,"_runtime":1.578700334,"_step":0}