{"_step":0,"_wandb":{"runtime":0},"r2":0.2815309169620921,"mae":4.341590160645261,"rmse":NaN,"mape":1.513206379639264e+14,"_timestamp":1.7455452072320085e+09,"_runtime":0.934728797}