{"_runtime":2.741675499,"_wandb":{"runtime":2},"_step":0,"error":"'test_rmse'","_timestamp":1.7455452496687446e+09}