{"_timestamp":1.7455460280759268e+09,"_runtime":2.8584357479999998,"_step":0,"r2":0.9474108005607167,"mae":1542.778805637165,"mse":4.94143333040137e+06,"mape":0.07279697170176375,"_wandb":{"runtime":2}}