{"mse":5.180635617895866e+06,"mape":0.07395228769536122,"_wandb":{"runtime":2},"_timestamp":1.7455454909283288e+09,"_runtime":2.438134398,"_step":0,"r2":0.9447345801136695,"mae":1563.7426979150441}