,exret,Tree,Ensemble_sk 5,MLP_sk_drop_standard 5,TREENN1_sk_drop_standard 5,TREENN2_sk_drop_standard 5
count,323601.0,323601.0,323601.0,323601.0,323601.0,323601.0
mean,0.006706436486193974,0.007297101794083503,0.006592643828360534,0.055957976727231094,0.016195778572008455,0.015045051201654103
std,0.12883673469910525,0.1309561004364867,0.011617894773037239,1.015092357635847e-13,9.069148345273444e-14,0.6498531295724236
min,-0.643624673652649,-0.643624673652649,-0.03859838798525147,0.0559579767272311,0.016195778572008452,0.006436574752783706
25%,-0.05393673548102379,-0.054397884756326675,0.000539821993793428,0.0559579767272311,0.016195778572008452,0.006436574752783706
50%,0.007431173181533813,0.00774591276422143,0.013266117437138411,0.0559579767272311,0.016195778572008452,0.006436574752783706
75%,0.06690263003110886,0.0680818351149559,0.013266117437138411,0.0559579767272311,0.016195778572008452,0.006436574752783706
max,1.5061529249668122,1.5061529249668122,0.013266117437138411,0.0559579767272311,0.016195778572008452,102.66095212734564
