model,Avg mse,mse_StoreWeekSalesmargbutr_6001821,mse_StoreWeekSalesmargbutr_648368,mse_StoreWeekSalesmargbutr_279300,mse_StoreWeekSalesmargbutr_400003,mse_StoreWeekSalesmargbutr_270862,mse_StoreWeekSalesmargbutr_231720,mse_StoreWeekSalesmargbutr_252570,mse_StoreWeekSalesmargbutr_659827,mse_StoreWeekSalesmargbutr_241565,mse_StoreWeekSalesmargbutr_237277,mse_StoreWeekSalesmargbutr_291276,mse_StoreWeekSalesmargbutr_273920,mse_StoreWeekSalesmargbutr_232633,mse_StoreWeekSalesmargbutr_233246,mse_StoreWeekSalesmargbutr_532639,mse_StoreWeekSalesmargbutr_533864,mse_StoreWeekSaleslaundet_6001821,mse_StoreWeekSaleslaundet_648368,mse_StoreWeekSaleslaundet_279300,mse_StoreWeekSaleslaundet_400003,mse_StoreWeekSaleslaundet_270862,mse_StoreWeekSaleslaundet_231720,mse_StoreWeekSaleslaundet_252570,mse_StoreWeekSaleslaundet_659827,mse_StoreWeekSaleslaundet_241565,mse_StoreWeekSaleslaundet_237277,mse_StoreWeekSaleslaundet_291276,mse_StoreWeekSaleslaundet_273920,mse_StoreWeekSaleslaundet_232633,mse_StoreWeekSaleslaundet_233246,mse_StoreWeekSaleslaundet_532639,mse_StoreWeekSaleslaundet_533864
Custom MLP 5,0.5350398223322326,0.4221695653503483,0.41422888339945646,0.5707385340853397,0.34599105452358836,0.3449396278121445,0.3866667883995355,0.32107983996227374,0.30887600749732197,0.3839349261309922,0.32780820690295576,0.23436706131538174,0.42651747027836817,0.3967487106430795,0.4882219098165167,0.47959980512018274,0.2994496908060177,0.8220806349509824,0.4809914682137461,0.42775401024358645,0.7925570531905867,0.42249018651336206,0.6355129103384431,0.48358328480704654,0.5595494260408833,1.019053429598079,0.8276057982115022,0.7361198327232501,0.9022267271685361,0.5867992077534041,0.9148233555291215,0.8313135659911406,0.5274753413142707
FONN1 5 5,0.6690179420513189,0.39520657819234317,0.8329711094568086,0.6465941635184784,0.4439276528113587,0.46745000024036687,0.2670441725856293,0.3532893279471808,0.37382288597249513,0.42589102406405777,0.4136801487013657,0.36475972389077016,0.4284395253362052,0.4484379507375147,0.5771584478609638,0.4629767672613056,0.38974462776841945,1.1091941157830703,0.7295040012222239,0.6964796045429785,1.2690878265525025,0.4391848568727784,0.513902228659597,0.4638839580457391,0.441263242499883,1.0761132965879552,0.7958876636609638,1.2623829681865422,1.2998667459914535,0.6752521816472228,1.2900911568042281,1.1932034083306395,0.8618827839091665
