{"_wandb":{"runtime":2},"r2":0.827163326055101,"mae":5.720772672612762,"mse":318.7914822736474,"mape":1.4804576475961682e+15,"_timestamp":1.7455454809205542e+09,"_runtime":2.442375782,"_step":0}