{"_runtime":6.145983833,"_step":0,"error":"'test_rmse'","_wandb":{"runtime":6},"_timestamp":1.7455452436292987e+09}