{"_step":0,"r2":0.6639382548131219,"mae":2.4114481966771733,"mse":12.574279564449887,"_wandb":{"runtime":93},"mape":1.6778003613107678e+14,"_timestamp":1.7455459251964269e+09,"_runtime":93.729401233}