{"_timestamp":1.745545486541565e+09,"_runtime":2.614011994,"_step":0,"r2":-1.5048396614291282,"_wandb":{"runtime":2},"mae":0.045252923437487436,"mse":0.0032392559702033364,"mape":14.632262253732184}