,MEDV,Tree,Ensemble_sk 10,MLP_sk_drop_identity 10,FONN1_sk_drop_identity 5 10,FONN2_sk_drop_identity 5 10,TREENN1_sk_drop_identity 10,TREENN2_sk_drop_identity 10,FONN1_TrANN_drop_identity 5 10,FONN2_TrANN_drop_identity 5 10,FONN3_TrANN_drop_identity 5 10,TREENN1_TrANN_drop_identity 10,TREENN2_TrANN_drop_identity 10,TREENN3_TrANN_drop_identity 10
count,506.0,506.0,506.0,506.0,506.0,506.0,506.0,506.0,506.0,506.0,506.0,506.0,506.0,506.0
mean,22.532806324110677,22.465810276679843,22.457687747035575,22.491822411320804,22.67905453791315,27.302098487528816,22.580249151085333,26.272143543242873,22.53290770460585,23.144016993195798,22.532817251809973,22.191837165188563,22.42283034801582,22.6628194059505
std,9.19710408737982,8.891809393630002,8.757623394174143,6.94436087626388,8.631027234828844,7.564259083524978,5.918652106863695,7.545138208845692,2.7385291102546825,9.130181419797424,3.6499793930673863,4.645013681152552,8.547356634830326,5.3677851574709035
min,5.0,5.0,5.2,-3.5006328191545073,4.57847119214469,3.7955522769221735,9.056791972816697,-2.1939566799072288,12.647694774850592,9.029926309572184,11.483205955700434,11.448814587854343,9.365528096298881,5.328788375214955
25%,17.025,17.4,17.137500000000003,18.79761302605569,16.831408158812714,23.166616486768728,18.254634999634654,23.12012473309578,23.290072246449814,17.663541955701714,21.600820781601392,19.701835367752782,17.574147334633324,19.125970774876606
50%,21.2,21.4,21.215,23.181263678804278,21.9200457102083,27.114202092218015,23.113598692398295,26.830253711117102,23.290072246449814,21.469745317729974,22.660606883701313,24.865572770523443,21.130560636152172,19.605072304502105
75%,25.0,25.0,25.335,27.310894407771162,26.80242280028351,31.848742333644957,26.493820463943543,30.82861864701386,23.290072246449814,26.72107999207469,24.1367394133853,24.865572770524068,26.084142640077918,28.24763611200291
max,50.0,50.0,50.0,35.944611947157696,47.76641841395963,61.35988571007609,40.7513251790965,52.20226195549018,23.290072246449814,51.4278633300724,30.900993019365394,24.865572770524068,48.52634434226579,31.172305876555328
