OLS,RF,GBRT,NN,TREENN1
0.07105512768562638,0.1858608178550214,0.3730975758772237,0.4869148720995975,0.527835189235637
