{"mape":1.0904301167614867,"_timestamp":1.7455454600383368e+09,"_runtime":2.964157999,"_step":0,"r2":0.1796043527631451,"_wandb":{"runtime":3},"mae":12.540874932237433,"mse":276.5612033938596}