,exret,Tree,Ensemble_sk 5,MLP_sk_drop_identity 5,FONN1_sk_drop_identity 5 5,FONN2_sk_drop_identity 5 5,TREENN1_sk_drop_identity 5,TREENN2_sk_drop_identity 5
count,323601.0,323601.0,323601.0,323601.0,323601.0,323601.0,323601.0,323601.0
mean,0.006706436486193974,0.0075492437294574204,0.006823681429246488,0.006465867292074524,0.06100102450799349,-0.8804660889264987,0.02765936547683031,-0.1763057898178476
std,0.12883673469910525,0.13102175424940443,0.011515325112596826,2.266506459548014e-14,3.612879471257478e-13,2.901178813557982,4.7177612547447703e-14,0.5436641543901187
min,-0.643624673652649,-0.643624673652649,-0.03830282321938816,0.0064658672920745305,0.06100102450799344,-49.75931244186089,0.027659365476830306,-2.5965040103726946
25%,-0.05393673548102379,-0.0544022291302681,0.001281450395562178,0.0064658672920745305,0.06100102450799344,-1.5024373344660154,0.027659365476830306,-0.6232034163673535
50%,0.007431173181533813,0.007765335446596145,0.013298149892009628,0.0064658672920745305,0.06100102450799344,-0.17214115844246347,0.027659365476830306,-0.3071268780782047
75%,0.06690263003110886,0.06840827485322952,0.013298149892009628,0.0064658672920745305,0.06100102450799344,0.4647716225665315,0.027659365476830306,0.15835031923607745
max,1.5061529249668122,1.5061529249668122,0.013298149892009628,0.0064658672920745305,0.06100102450799344,49.747468474378145,0.027659365476830306,5.147584686626033
