{"error":"'test_rmse'","_timestamp":1.745545236745509e+09,"_runtime":2.453234707,"_step":0,"_wandb":{"runtime":2}}