{"_timestamp":1.7455460210605576e+09,"_runtime":92.805203115,"_step":0,"r2":0.8930068863232565,"mae":6.833808408006827,"mse":125.45063690382815,"_wandb":{"runtime":92},"mape":9.055352841369247}