{"_step":0,"r2":0.5978034874858011,"mae":0.6479521917636849,"mse":0.8346554136314268,"_wandb":{"runtime":3},"mape":0.2532578592736171,"_timestamp":1.7455460805726285e+09,"_runtime":3.698212142}