,MedHouseVal,Tree,Ensemble_sk 10,MLP_sk_drop_identity 10,FONN1_sk_drop_identity 5 10,FONN2_sk_drop_identity 5 10,TREENN1_sk_drop_identity 10,TREENN2_sk_drop_identity 10,FONN1_TrANN_drop_identity 5 10,FONN2_TrANN_drop_identity 5 10,FONN3_TrANN_drop_identity 5 10,TREENN1_TrANN_drop_identity 10,TREENN2_TrANN_drop_identity 10,TREENN3_TrANN_drop_identity 10
count,20640.0,20640.0,20640.0,20640.0,20640.0,20640.0,20640.0,20640.0,20640.0,20640.0,20640.0,20640.0,20640.0,20640.0
mean,2.068558169089147,2.0696189660852715,2.071834690794574,2.062989625497253,2.7911398610229186,3.792642045513902,2.3268077438638626,4.195026014830215,2.0660455069834076,2.0618118263016982,2.0636304790546762,2.0651337776606415,2.1089159048811745,2.060806212043323
std,1.1539561587441483,1.1499591483745712,1.0883533328095574,0.8376717490511241,1.1991283911392896,3.330435626933739,1.1194187538840918,1.7545554925046973,0.10269475375657326,0.9398245106401941,2.4998484546769357,0.1687398584117791,0.6474410187301568,1.0068185641791332
min,0.14999,0.14999,0.283,-0.3904700948689435,0.25068861745624366,-25.174000448255104,-41.65258832183857,-1.3467110790383985,-1.646098147080779,-0.7595795059150662,-2.033702805594289,-2.431915555971245,0.3985885869169672,-1.360544300273225
25%,1.196,1.198,1.247,1.511502956496635,1.8905441699855334,2.0588154638534544,1.5398090256605594,3.2361541178617963,2.0806954704609915,1.2659507876825864,-0.102404322299118,2.0825888988835812,1.6642489950074708,1.204476090572029
50%,1.797,1.798,1.8388,1.9421974792402263,2.5954285017473646,3.941275503218014,2.123265707081511,4.0493129408433735,2.0806954704609915,1.8248621166734793,1.3951333387538338,2.0825888988835812,1.9295684399298283,1.784631024648173
75%,2.6472499999999997,2.647,2.6442249999999996,2.4549260179905286,3.4907519778062737,5.560345024337396,2.8879347749891515,4.874154977531072,2.0806954704609915,2.4428863353303725,3.0510570870743385,2.0825888988835812,2.3370374543237205,2.4658606543214097
max,5.00001,5.000010000000002,5.000010000000002,7.783907625311963,13.91310577327334,67.06370624698201,10.356908116974974,86.45839416371766,2.217981360470498,5.618908359113378,10.19130952763841,2.0825888988835812,4.521355835424627,5.415014758835449
