{"TREENN1/test_mae":0.36109707890455073,"FONN3/train_r2":0.33075647526241503,"FONN1/overfit_ratio":1.071460248308166,"_step":67,"FONN1/test_r2":0.8022911537470826,"_runtime":49.22047162,"FONN3/test_mse":1.065953265456801,"FONN1/train_mae":0.27420213296168994,"final_results":{"_latest_artifact_path":"wandb-client-artifact://4c8cmaf7ldfefrauovqr1r4io20i1lcs4eymeygv9pek9fdpg7q9svpilmevn9tloktl1hwpkvxl0twp8vuaqb4q8jq3is9twxkjch26m7hhj59csbax06v0mgdq42k2:latest/final_results.table.json","path":"media/table/final_results_67_88832134d75364bc5d60.table.json","ncols":9,"nrows":7,"_type":"table-file","sha256":"88832134d75364bc5d60ba2538eb45b7ad310e713efa41fee11b37082a146166","size":1129,"artifact_path":"wandb-client-artifact://v7rwo9wsyiad4k1dun06bhsxmji2fv5tb4i6mlacz9luo86pcb207e23n7yn6eeq5u50ety06vl6rp5nim08k1z2ljkg35soww5xybwqh4brkiml3qh4q6wrywy0nhru/final_results.table.json"},"TREENN2/test_mse":0.20887416445048346,"FONN1/test_mae":0.2916441392806156,"FONN3/train_mse":0.669243524737585,"FONN1/train_mse":0.14037692108355979,"FONN2/overfit_ratio":1.0643863001241143,"TREENN2/train_mse":0.1714145891331293,"TREENN3/train_mae":0.300459734206199,"epoch":999,"TREENN2/train_r2":0.8285854108668707,"FONN2/test_r2":0.7878530036841177,"TREENN1/overfit_ratio":1.2370139807300957,"PureMLP/train_r2":0.8533820423151689,"PureMLP/test_mse":0.2205693125033675,"TREENN3/test_r2":0.7108968706762987,"TREENN1/train_r2":0.8144529977940541,"TREENN3/train_mse":0.1509487378707298,"PureMLP/train_mse":0.14661795768483107,"FONN3/test_r2":-0.2627602791831838,"FONN3/test_mae":0.7835655668622666,"TREENN1/train_mse":0.1855470022059459,"TREENN1/test_mse":0.28835802216711065,"TREENN3/overfit_ratio":1.1943381621614215,"TREENN3/train_r2":0.8490512621292702,"FONN2/train_mae":0.294201845451027,"TREENN2/overfit_ratio":1.101020362964229,"FONN2/train_mse":0.16142005626055314,"TREENN2/test_r2":0.7525613863543853,"FONN2/test_mse":0.1790829084567377,"TREENN1/test_r2":0.6584024193402049,"TREENN2/train_mae":0.29639367413555756,"FONN2/train_r2":0.8385799437394469,"FONN3/overfit_ratio":-1.258776541174647,"TREENN1/train_mae":0.3125749559438202,"FONN1/train_r2":0.8596230789164402,"PureMLP/test_r2":0.738706962432695,"FONN1/test_mse":0.16689501067401044,"_timestamp":1.741649714481501e+09,"PureMLP/test_mae":0.27543912132151177,"FONN3/train_mae":0.6203015992610249,"PureMLP/train_mae":0.2596715049434455,"TREENN3/test_mae":0.3180140112204128,"TREENN2/test_mae":0.29748152022775326,"TREENN3/test_mse":0.2440450731913417,"_wandb":{"runtime":49},"PureMLP/overfit_ratio":1.1552375780909179,"FONN2/test_mae":0.27577519146272356}