,MEDV,Tree,Ensemble_sk 10,MLP_sk_drop_identity 10,FONN1_sk_drop_identity 5 10,FONN2_sk_drop_identity 5 10,TREENN1_sk_drop_identity 10,TREENN2_sk_drop_identity 10,FONN1_TrANN_drop_identity 5 10,FONN2_TrANN_drop_identity 5 10,FONN3_TrANN_drop_identity 5 10,TREENN1_TrANN_drop_identity 10,TREENN2_TrANN_drop_identity 10,TREENN3_TrANN_drop_identity 10
count,506.0,506.0,506.0,506.0,506.0,506.0,506.0,506.0,506.0,506.0,506.0,506.0,506.0,506.0
mean,22.532806324110677,22.465810276679843,22.457687747035575,24.018437266121218,23.297659835823694,27.733824915227736,23.320597696876675,26.176182902210016,22.15303018422803,21.925417348355833,19.969361188218684,21.856120443223436,22.842875680388605,21.700121425038002
std,9.19710408737982,8.891809393630002,8.757623394174143,8.518845505676277,9.088190011502174,8.419169074710787,8.881775709128883,7.523973176579818,1.3001894400199954,8.65008752250526,2.993537937150597,2.0663181770851966,8.277497409616831,2.6389356238962973
min,5.0,5.0,5.2,5.573698903568155,5.910181431025956,-0.4229034863888168,4.574294064320974,-2.1024497796970145,17.45965392055314,8.674931300463154,12.405917852827049,14.083254274321897,10.444355265689852,9.269617929628959
25%,17.025,17.4,17.137500000000003,16.587327172013346,17.711435787671512,23.230312961255702,17.92470074610202,22.587977997954713,22.512514428253205,16.790451029655895,18.77033922181232,22.416156476407817,18.406078029526466,18.67561780043078
50%,21.2,21.4,21.215,23.363680474032737,21.875450304313155,27.497640657015204,22.16053790804206,26.58967351915999,22.512514428253205,20.388997944025625,19.83012532391224,22.416156476422824,21.79634647313198,22.790291589487666
75%,25.0,25.0,25.335,30.191920640344513,26.156251070277193,32.18779945120929,26.219208579492452,30.521864357971424,22.512514428253205,25.27621861462078,21.30625785359623,22.416156476422824,26.518512129061058,23.131122020368135
max,50.0,50.0,50.0,47.51436500150055,51.874891245495334,67.75573404329218,53.418392684959926,52.40692686736776,22.512514428253205,48.62079676771678,28.070511459576323,22.416156476422824,47.91228213983674,26.055791784920558
