{"_runtime":3.124595311,"_step":0,"_wandb":{"runtime":3},"r2":0.5257129986217686,"mae":1.5855497951399324,"rmse":NaN,"mape":0.15979959911404337,"_timestamp":1.74554517785412e+09}