{"r2":0.9474108005607167,"mae":1542.778805637165,"mse":4.94143333040137e+06,"mape":0.07279697170176375,"_wandb":{"runtime":1},"_timestamp":1.7455454955172079e+09,"_runtime":1.339215235,"_step":0}