{"r2":0.639556678413333,"mae":4911.5187841234465,"rmse":NaN,"mape":7.3587389304566555,"_timestamp":1.745545197856135e+09,"_runtime":2.086436665,"_wandb":{"runtime":2},"_step":0}