{"_timestamp":1.745545202065858e+09,"_runtime":0.649316581,"_step":0,"r2":0.6006356247216253,"mae":8.34227833603585,"_wandb":{"runtime":0},"rmse":NaN,"mape":0.3174884091516961}