{"mae":1.5516989599747872,"_wandb":{"runtime":9},"mse":4.7993522291636825,"mape":0.15492815499112159,"_timestamp":1.7455453581712499e+09,"_runtime":9.725847038,"_step":0,"r2":0.5357871029454124}