{"_wandb":{"runtime":0},"_step":0,"error":"'test_rmse'","_timestamp":1.7455452597643225e+09,"_runtime":0.720932056}