{"_step":0,"r2":0.9301481693857113,"mae":1.2973157923809453,"mse":3.3080892836891302,"mape":0.010469810509065824,"_timestamp":1.7455453647368784e+09,"_runtime":3.442402999,"_wandb":{"runtime":3}}