{"mse":4.11724757388396e+09,"mape":0.26234349800751194,"_timestamp":1.7455461302186842e+09,"_wandb":{"runtime":37},"_runtime":37.669860789,"_step":0,"r2":0.6907813203297224,"mae":45579.990088284074}