{"_timestamp":1.7455458194414787e+09,"_runtime":3.889536896,"_step":0,"_wandb":{"runtime":3},"r2":-1.3636705048423867,"mae":23.457671718551065,"mse":5068.005969157725,"mape":3.848348641012656e+16}