{"_step":0,"r2":0.5051373813082342,"mae":3.754197844899668,"mse":23.36428242172672,"_wandb":{"runtime":1},"mape":0.03015719548505958,"_timestamp":1.7455453606784203e+09,"_runtime":1.87833819}