{"_step":0,"_wandb":{"runtime":1},"error":"'test_rmse'","_timestamp":1.7455452545643284e+09,"_runtime":1.482377895}