,MedHouseVal,Tree,Ensemble_sk 10,MLP_sk_drop_identity 10,FONN1_sk_drop_identity 5 10,FONN2_sk_drop_identity 5 10,TREENN1_sk_drop_identity 10,TREENN2_sk_drop_identity 10,FONN1_TrANN_drop_identity 5 10,FONN2_TrANN_drop_identity 5 10,FONN3_TrANN_drop_identity 5 10,TREENN1_TrANN_drop_identity 10,TREENN2_TrANN_drop_identity 10,TREENN3_TrANN_drop_identity 10
count,20640.0,20640.0,20640.0,20640.0,20640.0,20640.0,20640.0,20640.0,20640.0,20640.0,20640.0,20640.0,20640.0,20640.0
mean,2.068558169089147,2.0696189660852715,2.071834690794574,2.0476503537733506,2.0873280723303593,3.701156339912811,1.820273371837642,3.47926345545712,2.0660455069834076,2.0618118263016982,2.0636304790546762,2.0651337776606415,2.1089159048811745,2.060806212043323
std,1.1539561587441483,1.1499591483745712,1.0883533328095574,0.8894244986138011,1.138493342852915,2.4912187243755475,1.0961204651892154,6.543370660249384,0.10269475375657326,0.9398245106401941,2.4998484546769357,0.1687398584117791,0.6474410187301568,1.0068185641791332
min,0.14999,0.14999,0.283,0.6319115923587221,0.06611597405025471,-56.5609746840664,-8.784103130857268,-10.141023979192095,-1.646098147080779,-0.7595795059150662,-2.033702805594289,-2.431915555971245,0.3985885869169672,-1.360544300273225
25%,1.196,1.198,1.247,1.4344842887936928,1.2236654788958548,2.133058990660836,1.0011154565098221,0.6818966761513314,2.0806954704609915,1.2659507876825864,-0.102404322299118,2.0825888988835812,1.6642489950074708,1.204476090572029
50%,1.797,1.798,1.8388,1.9110043225514524,1.8321312444826954,3.8629465051210565,1.5760154675932732,0.6818966761513314,2.0806954704609915,1.8248621166734793,1.3951333387538338,2.0825888988835812,1.9295684399298283,1.784631024648173
75%,2.6472499999999997,2.647,2.6442249999999996,2.4978671956129053,2.6690391412847356,5.295205704608,2.350152343592808,1.3729598610776022,2.0806954704609915,2.4428863353303725,3.0510570870743385,2.0825888988835812,2.3370374543237205,2.4658606543214097
max,5.00001,5.000010000000002,5.000010000000002,7.6549920937793186,5.391872310291781,28.546074198399797,7.421178574631822,60.420765369282485,2.217981360470498,5.618908359113378,10.19130952763841,2.0825888988835812,4.521355835424627,5.415014758835449
