{"_wandb":{"runtime":2},"rmse":NaN,"mape":0.03015719548505958,"_timestamp":1.7455451909842405e+09,"_runtime":2.008155149,"_step":0,"r2":0.5051373813082342,"mae":3.754197844899668}