{"_runtime":2.819271214,"_step":0,"r2":0.9066645849557238,"mae":3.4875454494607694,"rmse":NaN,"mape":0.1247181471482878,"_wandb":{"runtime":2},"_timestamp":1.745545205597423e+09}