{"_wandb":{"runtime":9},"_step":0,"r2":0.5357871029454124,"mae":1.5516989599747872,"rmse":NaN,"mape":0.15492815499112159,"_timestamp":1.7455451883680234e+09,"_runtime":9.600136168}