{"_timestamp":1.7455455030017817e+09,"_runtime":3.508495305,"_step":0,"_wandb":{"runtime":3},"r2":0.5978034874858011,"mae":0.6479521917636849,"mse":0.8346554136314268,"mape":0.2532578592736171}