{"mae":1.5035823057224118,"_wandb":{"runtime":3},"mse":4.471079622968395,"mape":0.1506393634403272,"_timestamp":1.7455460739047065e+09,"_runtime":2.9595898050000002,"_step":0,"r2":0.5677295476909372}