{"_runtime":6.211548026,"_step":0,"r2":0.9777120568524238,"mae":1.980550714121237,"mse":7.474699379292817,"mape":3.565420616538988e+14,"_wandb":{"runtime":6},"_timestamp":1.7455454682781844e+09}