Model,R² Score,MAE,MSE,Time (s)
TREENN1,0.6026665639813256,4.100796634589294,29.137964039339526,9.549371719360352
TREENN2,0.7282088552055717,2.640113464012151,19.931472877250553,10.828598499298096
TREENN3,0.7337500271818994,2.4642326455901764,19.52511777308447,9.262354135513306
FONN1,0.710098161102967,3.5300742875619755,21.259598591453898,73.73162007331848
FONN2,0.8433326544557347,2.5746993081551133,11.489009146446538,53.42806792259216
FONN3,0.7792936334178011,2.8906744266642725,16.18523282904172,71.8357937335968
PureMLP,0.7299722627468392,2.6253904013772305,19.802155530995947,21.868385553359985
