Model,Fold,Test R2,Test MAE,Test MSE,Fit Time,Score Time
TREENN1,0,0.18131258075968293,5.664071964439032,60.037445678653825,5.816119432449341,0.0005335807800292969
TREENN2,0,0.7280113796810554,2.629581651713557,19.94595450454489,5.688371181488037,0.0003299713134765625
TREENN3,0,0.1758729040776965,5.651419415661411,60.43635774891288,4.7993433475494385,0.0003299713134765625
FONN1,0,0.2978064131453707,5.187250236233564,51.494512234966784,20.090086460113525,0.0029571056365966797
FONN2,0,0.7767462508469365,2.7986775938231054,16.372042030119893,16.69764256477356,0.001535654067993164
FONN3,0,0.6873762406486299,3.708124948701163,22.925882979038363,19.502092123031616,0.0022110939025878906
PureMLP,0,0.6581284973561389,3.4315843469914284,25.07073064357869,39.79720067977905,0.0007646083831787109
