{"mae":12.005326070170645,"mse":245.53833581227906,"mape":1.06944338336359,"_timestamp":1.7455462196135762e+09,"_runtime":86.046121896,"_step":0,"_wandb":{"runtime":86},"r2":0.27430095266732746}