{"_wandb":{"runtime":2},"_runtime":2.261182813,"_step":0,"r2":0.7681407776581944,"mae":8.832167880058972,"mse":416.3492194977807,"mape":2.921369361258947e+15,"_timestamp":1.7455454755323138e+09}