{"_timestamp":1.745545255802337e+09,"_runtime":0.530175045,"_wandb":{"runtime":0},"_step":0,"error":"'test_rmse'"}