{"_runtime":1.928101391,"_step":0,"error":"'test_rmse'","_timestamp":1.7455452523188353e+09,"_wandb":{"runtime":1}}