{"mse":1.7634853211954245e+08,"_wandb":{"runtime":25},"mape":2.3869910896853597,"_timestamp":1.7455454308864827e+09,"_runtime":25.897484699,"_step":0,"r2":0.5347076035977484,"mae":6510.554628134903}