{"mse":4.906570926698415,"mape":0.15979959911404337,"_timestamp":1.7455453476936178e+09,"_runtime":2.523025138,"_step":0,"_wandb":{"runtime":2},"r2":0.5257129986217686,"mae":1.5855497951399324}