{"r2":0.9301481693857113,"mae":1.2973157923809453,"rmse":NaN,"_wandb":{"runtime":3},"mape":0.010469810509065824,"_timestamp":1.7455451951167426e+09,"_runtime":3.502180462,"_step":0}