,MedHouseVal,Tree,Ensemble_sk 10,MLP_sk_drop_identity 10,FONN1_sk_drop_identity 5 10,FONN2_sk_drop_identity 5 10,TREENN1_sk_drop_identity 10,TREENN2_sk_drop_identity 10,FONN1_TrANN_drop_identity 5 10,FONN2_TrANN_drop_identity 5 10,FONN3_TrANN_drop_identity 5 10,TREENN1_TrANN_drop_identity 10,TREENN2_TrANN_drop_identity 10,TREENN3_TrANN_drop_identity 10
count,20640.0,20640.0,20640.0,20640.0,20640.0,20640.0,20640.0,20640.0,20640.0,20640.0,20640.0,20640.0,20640.0,20640.0
mean,2.068558169089147,2.0696189660852715,2.071834690794574,2.2084574510667467,2.113790490451865,1.4541381253146914,2.0858329899259545,-0.7619235623105509,2.0651970079433517,2.1019639429347756,2.0596383459500776,2.068496954654511,2.1126909770016113,2.046775977243656
std,1.1539561587441483,1.1499591483745712,1.0883533328095574,0.8261609875345394,1.1335848790849312,29.117908658941257,1.0696975478208417,1.8355256110746418,0.12246324929078037,0.8688866145857539,2.5020848647626734,0.03567935367103691,0.5828284629958397,1.0260170671241622
min,0.14999,0.14999,0.283,0.13318590244315254,0.21608545818048475,-506.1273728020108,-0.4687837011658019,-49.76518203034084,-1.225136534428307,0.30718098596680626,-3.019143921216797,0.7397476235342535,0.4098845483963253,-2.077380594442714
25%,1.196,1.198,1.247,1.6632627288934856,1.2547884479513818,1.1952134356317474,1.2873301678550084,-1.4994311163413894,2.0849576263207314,1.3469358595136707,-0.10738601968243522,2.0692004752023143,1.6357144785023525,1.210832325907
50%,1.797,1.798,1.8388,2.102257241100531,1.8713188301082453,1.1952134356317474,1.84185536773812,-0.5535348885789358,2.0849576263207314,1.8612024040536954,1.3901516413705166,2.0692004752023143,1.9645787784447528,1.7909872599831438
75%,2.6472499999999997,2.647,2.6442249999999996,2.603387118863022,2.706035205998173,1.1952134356317474,2.605158007033565,0.2659046869075945,2.0849576263207314,2.429860011951034,3.0460753896910213,2.0692004752023143,2.3507378750992776,2.47221688965638
max,5.00001,5.000010000000002,5.000010000000002,7.57857496445605,5.237271483188513,1057.4254016210655,5.628547410935842,11.862447221512125,2.0849576263207314,5.544679590185069,10.143707701157945,2.569970229652482,4.50600472430192,6.593350591152855
