{"r2":0.9700846176048861,"mae":1.1837035807190026,"mse":7.756632087088697,"mape":0.133352940649077,"_wandb":{"runtime":34},"_timestamp":1.7455460648017893e+09,"_runtime":34.718425519,"_step":0}